school_name,CLUBS AND SOCIETIES,OTHERS,PHYSICAL SPORTS,UNIFORMED GROUPS,VISUAL AND PERFORMING ARTS
ADMIRALTY SECONDARY SCHOOL,ROBOTICS,,"BADMINTON, NETBALL, RUGBY, TRACK AND FIELD, WUSHU","NATIONAL POLICE CADET CORPS, NATIONAL CADET CORPS (LAND), NATIONAL CIVIL DEFENCE CADET CORPS","MODERN DANCE, ENGLISH DRAMA, CONCERT BAND, ART AND CRAFTS, DIGITAL MEDIA, GUZHENG ENSEMBLE"
AHMAD IBRAHIM SECONDARY SCHOOL,GREEN CLUB,,"FOOTBALL, TRACK AND FIELD, SHOOTING, BASKETBALL","GIRL GUIDES, NATIONAL POLICE CADET CORPS, ST JOHN BRIGADE, SCOUTS, NATIONAL CADET CORPS (LAND)","CHINESE ORCHESTRA, CHOIR, BAND - SYMPHONIC, DANCE - INTERNATIONAL, ENGLISH DRAMA"
ANDERSON SECONDARY SCHOOL,"INFOCOMM TECHNOLOGY (MEDIA PRODUCTION), BIOLOGICAL SCIENCE, ROBOTICS, ENVIRONMENTAL SCIENCE",STUDENT LEADERSHIP (COUNCIL),"BASKETBALL, NETBALL, FOOTBALL, TABLE TENNIS, WUSHU, VOLLEYBALL","GIRL GUIDES, NATIONAL POLICE CADET CORPS, NATIONAL CADET CORPS (LAND)","CHOIR, CHINESE DANCE, MALAY DANCE, ENGLISH DRAMA, CONCERT BAND, ART AND CRAFTS"
ANDERSON SERANGOON JUNIOR COLLEGE,"AUDIO VISUAL AID, DEBATING AND PUBLIC SPEAKING, SCIENCE SOCIETY, CHINESE LANGUAGE, DRAMA AND DEBATING, INDIAN LANGUAGE, DRAMA AND DEBATING, COMMUNITY SERVICE (FIRST AID), COMMUNITY SERVICE",,"SHOOTING, BADMINTON, BASKETBALL, HOCKEY, NETBALL, FOOTBALL, SQUASH, TABLE TENNIS, TENNIS, TAEKWONDO, VOLLEYBALL, FRISBEE, TOUCH RUGBY, OUTDOOR ADVENTURE, ROCKWALL CLIMBING",,"CHINESE ORCHESTRA, CHOIR, GUITAR ENSEMBLE, HARMONICA ENSEMBLE, ENGLISH DRAMA, PHOTOGRAPHY, VISUAL ARTS CLUB, MODERN DANCE, POP AND JAZZ, CONCERT BAND"
ANG MO KIO SECONDARY SCHOOL,"ENVIRONMENTAL SCIENCE, AUDIO VISUAL AID",,"BADMINTON, BASKETBALL, NETBALL, FOOTBALL, TABLE TENNIS, VOLLEYBALL","BOYS' BRIGADE, GIRL GUIDES, NATIONAL POLICE CADET CORPS, RED CROSS YOUTH, NATIONAL CADET CORPS (AIR)","MODERN DANCE, CHOIR, MALAY DANCE, ENGLISH DRAMA, CONCERT BAND, ART AND CRAFTS"
ANGLICAN HIGH SCHOOL,"DEBATING AND PUBLIC SPEAKING, ROBOTICS, INFOCOMM TECHNOLOGY (MEDIA PRODUCTION), ENTREPRENEURSHIP",,"BADMINTON, BASKETBALL, TABLE TENNIS, WUSHU","NATIONAL CADET CORPS (LAND), SCOUTS, BOYS' BRIGADE, GIRLS' BRIGADE, GIRL GUIDES, NATIONAL POLICE CADET CORPS, ST JOHN BRIGADE","CHINESE ORCHESTRA, CHOIR, GUITAR ENSEMBLE, MODERN DANCE, CHINESE DRAMA, ENGLISH DRAMA, CONCERT BAND"
ANGLO-CHINESE JUNIOR COLLEGE,"LIBRARY COUNCIL, DEBATING AND PUBLIC SPEAKING, COMMUNITY SERVICE (FIRST AID), COMMUNITY SERVICE (ROTARY-SPONSORED)",,"BADMINTON, BASKETBALL, CANOEING, CROSS COUNTRY, HOCKEY, NETBALL, RUGBY, FOOTBALL, SQUASH, SWIMMING, TRACK AND FIELD, TABLE TENNIS, TENNIS, WATER POLO, VOLLEYBALL, BOWLING, GOLF",BOYS' BRIGADE,"CHINESE ORCHESTRA, CHOIR, STRING ENSEMBLE, ART AND CRAFTS, PHOTOGRAPHY"
ANGLO-CHINESE SCHOOL (BARKER ROAD),"INFOCOMM TECHNOLOGY (MEDIA PRODUCTION), DEBATING AND PUBLIC SPEAKING, ROBOTICS, PUBLICATION",,"BADMINTON, BASKETBALL, HOCKEY, RUGBY, FOOTBALL, SWIMMING, TRACK AND FIELD, TABLE TENNIS, TENNIS, WATER POLO, FLOORBALL, BOWLING","BOYS' BRIGADE, NATIONAL POLICE CADET CORPS, SCOUTS, NATIONAL CADET CORPS (SEA)","CONCERT BAND, CHINESE ORCHESTRA, CHOIR, ENGLISH DRAMA, MODERN DANCE"
ASSUMPTION ENGLISH SCHOOL,,,"BASKETBALL, JUDO, FOOTBALL, SOFTBALL, FLOORBALL","RED CROSS YOUTH, GIRL GUIDES, NATIONAL POLICE CADET CORPS, NATIONAL CADET CORPS (SEA)","CHOIR, MODERN DANCE, CONCERT BAND"
ASSUMPTION PATHWAY SCHOOL,"ROBOTICS, AUDIO VISUAL AID",,"BASKETBALL, SEPAKTAKRAW, FOOTBALL, FLOORBALL, TCHOUKBALL",SCOUTS,"PERCUSSION ENSEMBLE, MODERN DANCE, MALAY DANCE, ART AND CRAFTS"
BARTLEY SECONDARY SCHOOL,"MEDIA RESOURCE CLUB, ENTREPRENEURSHIP, COMMUNITY SERVICE, INNOVATION AND ENTERPRISE CLUB",,"BASKETBALL, NETBALL, SEPAKTAKRAW, FOOTBALL, VOLLEYBALL","NATIONAL POLICE CADET CORPS, RED CROSS YOUTH, NATIONAL CADET CORPS (AIR), NATIONAL CADET CORPS (LAND)","MODERN DANCE, GUZHENG ENSEMBLE, CHOIR, BAND - MILITARY"
BEATTY SECONDARY SCHOOL,,,"BADMINTON, CANOEING, FOOTBALL, WUSHU, VOLLEYBALL","BOYS' BRIGADE, GIRL GUIDES, NATIONAL POLICE CADET CORPS, SCOUTS, NATIONAL CADET CORPS (LAND), NATIONAL CIVIL DEFENCE CADET CORPS","CHINESE ORCHESTRA, CHOIR, MALAY DANCE, ENGLISH DRAMA"
BEDOK GREEN SECONDARY SCHOOL,"SINGAPORE YOUTH FLYING CLUB, ENVIRONMENTAL SCIENCE, AUDIO VISUAL AID",,"BADMINTON, BASKETBALL, FOOTBALL, SOFTBALL, WUSHU, OUTDOOR ADVENTURE","NATIONAL POLICE CADET CORPS, ST JOHN BRIGADE, NATIONAL CADET CORPS (LAND)","CHOIR, MODERN DANCE, ENGLISH DRAMA, CONCERT BAND, ART AND CRAFTS, CULTURAL DANCE"
BEDOK SOUTH SECONDARY SCHOOL,"ENVIRONMENTAL SCIENCE, AUDIO VISUAL AID, INFOCOMM TECHNOLOGY (MEDIA PRODUCTION)",,"FLOORBALL, BADMINTON, NETBALL, FOOTBALL","GIRL GUIDES, NATIONAL POLICE CADET CORPS, SCOUTS, NATIONAL CADET CORPS (LAND), NATIONAL CIVIL DEFENCE CADET CORPS","CHINESE DANCE, CHINESE ORCHESTRA, CHOIR, MALAY DANCE, CONCERT BAND"
BEDOK VIEW SECONDARY SCHOOL,COMMUNITY SERVICE,,"BADMINTON, BASKETBALL, NETBALL, FOOTBALL, TRACK AND FIELD","GIRL GUIDES, NATIONAL POLICE CADET CORPS, NATIONAL CADET CORPS (LAND)","ANGKLUNG/KULINTANG ENSEMBLE, CHOIR, GUZHENG ENSEMBLE, MODERN DANCE, ENGLISH DRAMA, CONCERT BAND"
BENDEMEER SECONDARY SCHOOL,INFOCOMM TECHNOLOGY (MEDIA PRODUCTION),,"BADMINTON, CROSS COUNTRY, SEPAKTAKRAW, FOOTBALL, TAEKWONDO, TCHOUKBALL","NATIONAL CADET CORPS (LAND), GIRL GUIDES, NATIONAL POLICE CADET CORPS, RED CROSS YOUTH","CHOIR, ENGLISH DRAMA, TAMIL DRAMA"
BOON LAY SECONDARY SCHOOL,"AUDIO VISUAL AID, INFOCOMM TECHNOLOGY (COMPUTING)",,"NETBALL, BADMINTON, BASKETBALL","BOYS' BRIGADE, NATIONAL POLICE CADET CORPS, ST JOHN BRIGADE, NATIONAL CADET CORPS (LAND), NATIONAL CIVIL DEFENCE CADET CORPS","CHINESE ORCHESTRA, CHOIR, MODERN DANCE, MALAY DANCE, ENGLISH DRAMA, CONCERT BAND"
BOWEN SECONDARY SCHOOL,"MEDIA RESOURCE LIBRARY, INFOCOMM TECHNOLOGY (MEDIA PRODUCTION)",,"BADMINTON, BASKETBALL, NETBALL, FOOTBALL, TABLE TENNIS, TAEKWONDO","BOYS' BRIGADE, GIRL GUIDES, NATIONAL POLICE CADET CORPS, NATIONAL CADET CORPS (LAND), NATIONAL CIVIL DEFENCE CADET CORPS","CHOIR, MODERN DANCE, INDIAN DANCE, MALAY DANCE, ENGLISH DRAMA, ART AND CRAFTS, BAND - MILITARY"
BROADRICK SECONDARY SCHOOL,ROBOTICS,,"SHOOTING, BASKETBALL, TAEKWONDO","GIRL GUIDES, NATIONAL POLICE CADET CORPS, RED CROSS YOUTH, NATIONAL CADET CORPS (LAND)","CHOIR, MODERN DANCE, ENGLISH DRAMA, CONCERT BAND"
BUKIT BATOK SECONDARY SCHOOL,"ROBOTICS, INFOCOMM TECHNOLOGY (MEDIA PRODUCTION)",,"SHOOTING, BADMINTON, BASKETBALL, CROSS COUNTRY, RUGBY, SOFTBALL","BOYS' BRIGADE, GIRLS' BRIGADE, NATIONAL POLICE CADET CORPS, NATIONAL CADET CORPS (LAND), NATIONAL CADET CORPS (SEA)","CHINESE ORCHESTRA, CHOIR, MODERN DANCE, MALAY DANCE, CONCERT BAND"
BUKIT MERAH SECONDARY SCHOOL,"ENTREPRENEURSHIP, ROBOTICS, INFOCOMM TECHNOLOGY (MEDIA PRODUCTION)",,"BASKETBALL, FLOORBALL, TCHOUKBALL","ST JOHN BRIGADE, SCOUTS, NATIONAL CADET CORPS (LAND)","CONCERT BAND, MODERN DANCE, ENGLISH DRAMA"
BUKIT PANJANG GOVT. HIGH SCHOOL,"AUDIO VISUAL AID, MALAY CULTURE AND LANGUAGE, INFOCOMM TECHNOLOGY (MEDIA PRODUCTION), COMMUNITY SERVICE",,"BASKETBALL, FENCING, NETBALL, VOLLEYBALL, FLOORBALL","GIRL GUIDES, NATIONAL POLICE CADET CORPS, ST JOHN BRIGADE, SCOUTS, NATIONAL CADET CORPS (LAND)","CHINESE ORCHESTRA, CHOIR, MODERN DANCE, CHINESE DRAMA, ENGLISH DRAMA"
BUKIT VIEW SECONDARY SCHOOL,"SINGAPORE YOUTH FLYING CLUB, MEDIA RESOURCE CLUB, ENVIRONMENTAL SCIENCE",,"BADMINTON, HOCKEY, TRACK AND FIELD, TABLE TENNIS, VOLLEYBALL, FLOORBALL","BOYS' BRIGADE, GIRLS' BRIGADE, NATIONAL POLICE CADET CORPS, NATIONAL CADET CORPS (LAND)","CHOIR, MODERN DANCE, CHINESE DANCE, ENGLISH DRAMA"
CANBERRA SECONDARY SCHOOL,,,"BADMINTON, VOLLEYBALL","BOYS' BRIGADE, GIRLS' BRIGADE, NATIONAL POLICE CADET CORPS, NATIONAL CADET CORPS (SEA), NATIONAL CIVIL DEFENCE CADET CORPS","CHOIR, GUZHENG ENSEMBLE, MODERN DANCE, CONCERT BAND, NEW MEDIA ARTS"
CATHOLIC HIGH SCHOOL,INFOCOMM TECHNOLOGY (COMPUTING),,"BASKETBALL, SOFTBALL, TABLE TENNIS, WUSHU, VOLLEYBALL, MODULAR CCA (SPORTS)",SCOUTS,"CHINESE ORCHESTRA, CHOIR, MODERN DANCE, CONCERT BAND"
CATHOLIC JUNIOR COLLEGE,"PUBLICATION, ENTREPRENEURSHIP, ENVIRONMENTAL SCIENCE, INFOCOMM TECHNOLOGY (MEDIA PRODUCTION), COMMUNITY SERVICE, STRATEGY GAMES, DEBATING AND PUBLIC SPEAKING, COMMUNITY SERVICE (FIRST AID), STUDENTS' COUNCIL",STUDENT LEADERSHIP (HOUSE),"FLOORBALL, FRISBEE, SHOOTING, BADMINTON, BASKETBALL, CANOEING, CROSS COUNTRY, FENCING, JUDO, NETBALL, RUGBY, FOOTBALL, SWIMMING, TRACK AND FIELD, TENNIS, VOLLEYBALL, BOWLING",,"GUZHENG ENSEMBLE, CONCERT BAND, CHOIR, GUITAR ENSEMBLE, MODERN DANCE, ENGLISH DRAMA"
CEDAR GIRLS' SECONDARY SCHOOL,"AUDIO VISUAL AID, INDIAN LANGUAGE, DRAMA AND DEBATING, INFOCOMM TECHNOLOGY (COMPUTING), MALAY LANGUAGE, DRAMA AND DEBATING, ENGLISH LANGUAGE, DRAMA AND DEBATING, CHINESE LANGUAGE, DRAMA AND DEBATING, ENVIRONMENTAL SCIENCE",,"VOLLEYBALL, BADMINTON, BASKETBALL, NETBALL, TRACK AND FIELD, TABLE TENNIS","GIRL GUIDES, NATIONAL POLICE CADET CORPS, RED CROSS YOUTH, NATIONAL CADET CORPS (LAND)","CONCERT BAND, CHOIR, GUZHENG ENSEMBLE, HANDBELL ENSEMBLE, MODERN DANCE"
CHANGKAT CHANGI SECONDARY SCHOOL,"INFOCOMM TECHNOLOGY (MEDIA PRODUCTION), SINGAPORE YOUTH FLYING CLUB",,"BADMINTON, NETBALL, SEPAKTAKRAW, TRACK AND FIELD","BOYS' BRIGADE, GIRL GUIDES, NATIONAL CADET CORPS (AIR)","CONCERT BAND, CHINESE INSTRUMENTAL ENSEMBLE, MODERN DANCE, MALAY DANCE"
CHIJ KATONG CONVENT,"HERITAGE, MODULAR CCA (C&S), ENTREPRENEURSHIP, INFOCOMM TECHNOLOGY (MEDIA PRODUCTION), DEBATING AND PUBLIC SPEAKING",,"MODULAR CCA (SPORTS), BADMINTON, CANOEING, NETBALL, TRACK AND FIELD, FLOORBALL, BOWLING","GIRL GUIDES, NATIONAL CIVIL DEFENCE CADET CORPS","CHINESE ORCHESTRA, CHOIR, MODERN DANCE, CHINESE DRAMA, ENGLISH DRAMA, CONCERT BAND"
CHIJ SECONDARY (TOA PAYOH),"DEBATING AND PUBLIC SPEAKING, CHINESE CULTURE AND LANGUAGE, ROBOTICS",,"BADMINTON, BASKETBALL, NETBALL, SQUASH, TRACK AND FIELD, TENNIS, BOWLING, RHYTHMIC GYMNASTICS","GIRL GUIDES, RED CROSS YOUTH, NATIONAL CADET CORPS (SEA)","CHOIR, GUITAR ENSEMBLE, MODERN DANCE, ENGLISH DRAMA, CONCERT BAND"
CHIJ ST. JOSEPH'S CONVENT,,,"SHOOTING, BADMINTON, FENCING, NETBALL, TABLE TENNIS, VOLLEYBALL","GIRL GUIDES, NATIONAL POLICE CADET CORPS, ST JOHN BRIGADE","ANGKLUNG/KULINTANG ENSEMBLE, CHOIR, GUITAR ENSEMBLE, HANDBELL ENSEMBLE, MODERN DANCE, INDIAN DANCE, CONCERT BAND"
CHIJ ST. NICHOLAS GIRLS' SCHOOL,"AUDIO VISUAL AID, CHINESE CULTURE AND LANGUAGE, MEDIA RESOURCE LIBRARY, INNOVATORS' CLUB",,"BADMINTON, NETBALL, TRACK AND FIELD, TABLE TENNIS, ARTISTIC GYMNASTICS, RHYTHMIC GYMNASTICS",,"CHOIR, GUZHENG ENSEMBLE, CHINESE DANCE, ENGLISH DRAMA, ART AND CRAFTS"
CHIJ ST. THERESA'S CONVENT,"DEBATING AND PUBLIC SPEAKING, INFOCOMM TECHNOLOGY (MEDIA PRODUCTION), COMMUNITY SERVICE",,"HOCKEY, NETBALL, SOFTBALL, TRACK AND FIELD, TENNIS, FLOORBALL, BOWLING","GIRL GUIDES, NATIONAL POLICE CADET CORPS","ANGKLUNG/KULINTANG ENSEMBLE, CHOIR, GUITAR ENSEMBLE, MODERN DANCE, ENGLISH DRAMA, CONCERT BAND"
CHRIST CHURCH SECONDARY SCHOOL,"INFOCOMM TECHNOLOGY (MEDIA PRODUCTION), COMMUNITY SERVICE",,"BADMINTON, BASKETBALL, NETBALL, FOOTBALL, WUSHU, OUTDOOR ADVENTURE","BOYS' BRIGADE, GIRLS' BRIGADE, NATIONAL POLICE CADET CORPS, NATIONAL CADET CORPS (LAND), NATIONAL CIVIL DEFENCE CADET CORPS","CHINESE ORCHESTRA, CHOIR, MODERN DANCE, ENGLISH DRAMA, CONCERT BAND"
CHUA CHU KANG SECONDARY SCHOOL,"INFOCOMM TECHNOLOGY (MEDIA PRODUCTION), ENVIRONMENTAL SCIENCE, ROBOTICS",,"BADMINTON, BASKETBALL, NETBALL, SEPAKTAKRAW, FOOTBALL, SWIMMING, WUSHU, FLOORBALL","GIRL GUIDES, NATIONAL POLICE CADET CORPS, ST JOHN BRIGADE, SCOUTS, NATIONAL CADET CORPS (SEA)","CHINESE ORCHESTRA, CHOIR, MODERN DANCE, ENGLISH DRAMA, ART AND CRAFTS, CONCERT BAND"
CHUNG CHENG HIGH SCHOOL (MAIN),CHINESE CHESS,,"BADMINTON, BASKETBALL, NETBALL, TABLE TENNIS, WUSHU, VOLLEYBALL","GIRL GUIDES, NATIONAL POLICE CADET CORPS, ST JOHN BRIGADE, SCOUTS, NATIONAL CADET CORPS (LAND)","CHINESE CALLIGRAPHY AND BRUSH PAINTING, CHINESE ORCHESTRA, CHOIR, MODERN DANCE, CHINESE DRAMA, ENGLISH DRAMA, CONCERT BAND, ART AND CRAFTS, LION AND DRAGON DANCE, DIGITAL MEDIA"
CHUNG CHENG HIGH SCHOOL (YISHUN),"JOURNALISM, AUDIO VISUAL AID, ENTREPRENEURSHIP, ENVIRONMENTAL SCIENCE",,"BASKETBALL, FENCING, WUSHU, VOLLEYBALL, OUTDOOR ADVENTURE","NATIONAL POLICE CADET CORPS, ST JOHN BRIGADE, SCOUTS, NATIONAL CADET CORPS (AIR)","CHINESE DRUMS, CHINESE ORCHESTRA, CHOIR, GUZHENG ENSEMBLE, CHINESE DANCE, CHINESE DRAMA, MODERN DANCE, CONCERT BAND"
CLEMENTI TOWN SECONDARY SCHOOL,INFOCOMM TECHNOLOGY (MEDIA PRODUCTION),,"OUTDOOR ADVENTURE, BADMINTON, BASKETBALL, NETBALL, FOOTBALL, WUSHU, VOLLEYBALL","GIRL GUIDES, NATIONAL POLICE CADET CORPS, SCOUTS, NATIONAL CADET CORPS (LAND), NATIONAL CIVIL DEFENCE CADET CORPS","CONCERT BAND, GUZHENG ENSEMBLE, CHINESE DANCE, INDIAN DANCE, MALAY DANCE, ENGLISH DRAMA, ART AND CRAFTS"
COMMONWEALTH SECONDARY SCHOOL,"ROBOTICS, ENVIRONMENTAL SCIENCE, INFOCOMM TECHNOLOGY (MEDIA PRODUCTION)",,"BADMINTON, BASKETBALL, CROSS COUNTRY, NETBALL, FOOTBALL, DRAGON BOAT","GIRL GUIDES, NATIONAL POLICE CADET CORPS, RED CROSS YOUTH, NATIONAL CADET CORPS (LAND)","CHOIR, CHINESE DANCE, INDIAN DANCE, MALAY DANCE, ENGLISH DRAMA, CONCERT BAND"
COMPASSVALE SECONDARY SCHOOL,"AERO-MODELLING, MEDIA RESOURCE LIBRARY, COMMUNITY SERVICE, ROBOTICS, AUDIO VIDEO AND INFORMATION TECHNOLOGY CLUB, ENVIRONMENTAL SCIENCE",,"BADMINTON, BASKETBALL, NETBALL, SOFTBALL, FLOORBALL","BOYS' BRIGADE, NATIONAL POLICE CADET CORPS, RED CROSS YOUTH, NATIONAL CADET CORPS (AIR), GIRL GUIDES","CHOIR, MODERN DANCE, ENGLISH DRAMA, CONCERT BAND"
CRESCENT GIRLS' SCHOOL,"INFOCOMM TECHNOLOGY (COMPUTING), AUDIO VISUAL AID, INTERNATIONAL CHESS, ENTREPRENEURSHIP",,"BADMINTON, CANOEING, HOCKEY, NETBALL, SOFTBALL, TRACK AND FIELD","GIRL GUIDES, RED CROSS YOUTH, NATIONAL CADET CORPS (LAND)","CONCERT BAND, ANGKLUNG/KULINTANG ENSEMBLE, CHOIR, CHINESE DANCE, ENGLISH DRAMA, PHOTOGRAPHY"
CREST SECONDARY SCHOOL,"ENTREPRENEURSHIP, COMMUNITY SERVICE, DESIGN AND INNOVATION, INFOCOMM TECHNOLOGY (MEDIA PRODUCTION), MODULAR CCA (C&S)",STUDENT LEADERSHIP (PREFECT),"BADMINTON, BASKETBALL, FOOTBALL, TRACK AND FIELD, FLOORBALL","GIRL GUIDES, SCOUTS","GUITAR ENSEMBLE, ENGLISH DRAMA, CONCERT BAND, ART AND CRAFTS, MODERN DANCE"
DAMAI SECONDARY SCHOOL,INFOCOMM TECHNOLOGY (MEDIA PRODUCTION),STUDENT LEADERSHIP (COUNCIL),"DRAGON BOAT, CANOEING, HANDBALL, NETBALL, RUGBY","GIRL GUIDES, NATIONAL POLICE CADET CORPS, NATIONAL CADET CORPS (LAND)","CONCERT BAND, CHOIR, GUZHENG ENSEMBLE, MODERN DANCE, MALAY DANCE, ENGLISH DRAMA, ART AND CRAFTS"
DEYI SECONDARY SCHOOL,"JOURNALISM, ENVIRONMENTAL SCIENCE, INFOCOMM TECHNOLOGY (COMPUTING)",,"BADMINTON, BASKETBALL, FOOTBALL, TRACK AND FIELD, TABLE TENNIS, VOLLEYBALL","NATIONAL POLICE CADET CORPS, ST JOHN BRIGADE, NATIONAL CADET CORPS (LAND)","MARCHING BAND, MODERN DANCE, CHOIR, ENGLISH DRAMA, ART AND CRAFTS"
DUNEARN SECONDARY SCHOOL,"AUDIO VISUAL AID, MEDIA RESOURCE LIBRARY, INFOCOMM TECHNOLOGY (MEDIA PRODUCTION)",,"BASKETBALL, FOOTBALL, TABLE TENNIS","NATIONAL POLICE CADET CORPS, ST JOHN BRIGADE, SCOUTS, NATIONAL CADET CORPS (LAND)","PHOTOGRAPHY, CONCERT BAND, CHOIR, GUZHENG ENSEMBLE, MODERN DANCE, MALAY DANCE, ENGLISH DRAMA"
DUNMAN SECONDARY SCHOOL,"INFOCOMM TECHNOLOGY (COMPUTING), ENVIRONMENTAL SCIENCE, INFOCOMM TECHNOLOGY (MEDIA PRODUCTION)",,"BADMINTON, BASKETBALL, NETBALL, FOOTBALL, VOLLEYBALL","NATIONAL POLICE CADET CORPS, RED CROSS YOUTH, SCOUTS, NATIONAL CADET CORPS (AIR)","CHOIR, GUITAR ENSEMBLE, MODERN DANCE, ENGLISH DRAMA, CONCERT BAND"
EAST SPRING SECONDARY SCHOOL,"JOURNALISM, AUDIO VISUAL AID",,"BADMINTON, BASKETBALL, NETBALL, FLOORBALL","NATIONAL POLICE CADET CORPS, ST JOHN BRIGADE, SCOUTS, NATIONAL CADET CORPS (LAND), NATIONAL CIVIL DEFENCE CADET CORPS","CHOIR, CHINESE DANCE, MALAY DANCE, ENGLISH DRAMA, ART AND CRAFTS"
EDGEFIELD SECONDARY SCHOOL,"SINGAPORE YOUTH FLYING CLUB, ROBOTICS, DESIGN AND INNOVATION, ENTREPRENEURSHIP, INFOCOMM TECHNOLOGY (MEDIA PRODUCTION)",,"SHOOTING, BADMINTON, BASKETBALL, SOFTBALL, TAEKWONDO, WUSHU, VOLLEYBALL","GIRL GUIDES, SCOUTS, NATIONAL POLICE CADET CORPS (SEA), NATIONAL CIVIL DEFENCE CADET CORPS","CHOIR, HARMONICA ENSEMBLE, GUZHENG ENSEMBLE, PERCUSSION ENSEMBLE, MODERN DANCE, ENGLISH DRAMA, CONCERT BAND, ART AND CRAFTS"
EUNOIA JUNIOR COLLEGE,"INFOCOMM TECHNOLOGY (MEDIA PRODUCTION), COMMUNITY SERVICE, DEBATING AND PUBLIC SPEAKING, STUDENTS' COUNCIL, PUBLICATION, ROBOTICS, ENVIRONMENTAL SCIENCE",STUDENT LEADERSHIP (HOUSE),"BADMINTON, BASKETBALL, HOCKEY, NETBALL, SOFTBALL, SQUASH, SWIMMING, TRACK AND FIELD, TABLE TENNIS, TENNIS, TAEKWONDO, WUSHU, VOLLEYBALL, FLOORBALL, FRISBEE, OUTDOOR ADVENTURE",,"CHINESE ORCHESTRA, CHOIR, MODERN DANCE, ENGLISH DRAMA, CONCERT BAND, ART AND CRAFTS"
EVERGREEN SECONDARY SCHOOL,"AUDIO VISUAL AID, ENGLISH LANGUAGE, DRAMA AND DEBATING, COMMUNITY SERVICE (ROTARY-SPONSORED), SINGAPORE YOUTH FLYING CLUB","STUDENT LEADERSHIP (COUNCIL), STUDENT LEADERSHIP (HOUSE), STUDENT LEADERSHIP (PREFECT)","BADMINTON, CROSS COUNTRY, NETBALL, RUGBY, TABLE TENNIS, VOLLEYBALL, TOUCH RUGBY","NATIONAL POLICE CADET CORPS, RED CROSS YOUTH, NATIONAL CADET CORPS (LAND), NATIONAL CIVIL DEFENCE CADET CORPS","CHINESE ORCHESTRA, GUITAR ENSEMBLE, GAMELAN ENSEMBLE, CHINESE DANCE, MALAY DANCE"
FAIRFIELD METHODIST SCHOOL (SECONDARY),"AUDIO VISUAL AID, ROBOTICS, JOURNALISM, MEDIA RESOURCE LIBRARY, INFOCOMM TECHNOLOGY (MEDIA PRODUCTION)",,"BADMINTON, BASKETBALL, NETBALL, FOOTBALL, SQUASH, VOLLEYBALL","BOYS' BRIGADE, GIRLS' BRIGADE, RED CROSS YOUTH, NATIONAL CADET CORPS (LAND), NATIONAL CADET CORPS (SEA)","MODERN DANCE, CHOIR, GUITAR ENSEMBLE, ENGLISH DRAMA, CONCERT BAND"
FAJAR SECONDARY SCHOOL,"MEDIA RESOURCE LIBRARY, INFOCOMM TECHNOLOGY (MEDIA PRODUCTION)",,"BADMINTON, BASKETBALL, NETBALL, FOOTBALL","BOYS' BRIGADE, GIRLS' BRIGADE, NATIONAL POLICE CADET CORPS, NATIONAL CADET CORPS (LAND), NATIONAL CIVIL DEFENCE CADET CORPS","CONCERT BAND, ENGLISH DRAMA"
FUCHUN SECONDARY SCHOOL,"SINGAPORE YOUTH FLYING CLUB, ROBOTICS, COMMUNITY SERVICE (ROTARY-SPONSORED)",,"BASKETBALL, NETBALL, SEPAKTAKRAW, FOOTBALL","BOYS' BRIGADE, GIRL GUIDES, NATIONAL CADET CORPS (LAND)","LION AND DRAGON DANCE, CONCERT BAND, GUITAR ENSEMBLE, MODERN DANCE, CHINESE DANCE, INDIAN DANCE, MALAY DANCE"
FUHUA SECONDARY SCHOOL,"MALAY CULTURE AND LANGUAGE, AUDIO VISUAL AID, ENGLISH LANGUAGE, DRAMA AND DEBATING, ROBOTICS, ENVIRONMENTAL SCIENCE",,"SHOOTING, BADMINTON, TABLE TENNIS, TCHOUKBALL","NATIONAL POLICE CADET CORPS, RED CROSS YOUTH, SCOUTS, NATIONAL CADET CORPS (LAND)","CONCERT BAND, CHINESE ORCHESTRA, CHOIR, CHINESE DANCE, ART AND CRAFTS"
GAN ENG SENG SCHOOL,"ENTREPRENEURSHIP, INFOCOMM TECHNOLOGY (MEDIA PRODUCTION)",,"BASKETBALL, CANOEING, CROSS COUNTRY, FOOTBALL, TABLE TENNIS","BOYS' BRIGADE, GIRLS' BRIGADE, NATIONAL POLICE CADET CORPS, ST JOHN BRIGADE, SCOUTS, NATIONAL CADET CORPS (LAND)","CHOIR, ENGLISH DRAMA"
GEYLANG METHODIST SCHOOL (SECONDARY),,STUDENT LEADERSHIP (COUNCIL),"BADMINTON, BASKETBALL, NETBALL, FOOTBALL, SOFTBALL, TRACK AND FIELD, VOLLEYBALL, BOWLING, TABLE TENNIS","BOYS' BRIGADE, GIRLS' BRIGADE, GIRL GUIDES, NATIONAL POLICE CADET CORPS","CHOIR, CHINESE DANCE, ENGLISH DRAMA"
GREENDALE SECONDARY SCHOOL,"ROBOTICS, MEDIA RESOURCE LIBRARY",,"OUTDOOR ADVENTURE, CANOEING, FENCING, FOOTBALL, SOFTBALL, FLOORBALL","NATIONAL POLICE CADET CORPS, RED CROSS YOUTH, NATIONAL CADET CORPS (LAND)","ANGKLUNG/KULINTANG ENSEMBLE, CHINESE ORCHESTRA, CHOIR, MODERN DANCE, ENGLISH DRAMA, ART AND CRAFTS, DIGITAL MEDIA"
GREENRIDGE SECONDARY SCHOOL,"INFOCOMM TECHNOLOGY (MEDIA PRODUCTION), ROBOTICS",,"RUGBY, FOOTBALL, VOLLEYBALL, TCHOUKBALL","GIRL GUIDES, NATIONAL POLICE CADET CORPS, SCOUTS, NATIONAL CADET CORPS (LAND)","CONCERT BAND, CHINESE ORCHESTRA, CHOIR, MODERN DANCE, ENGLISH DRAMA"
GUANGYANG SECONDARY SCHOOL,"ENVIRONMENTAL SCIENCE, AUDIO VISUAL AID",,"ROCKWALL CLIMBING, BADMINTON, BASKETBALL, CROSS COUNTRY, FOOTBALL","GIRLS' BRIGADE, NATIONAL POLICE CADET CORPS, RED CROSS YOUTH, NATIONAL CADET CORPS (LAND)","MODULAR CCA (VPA), CHOIR, ENGLISH DRAMA, CONCERT BAND"
HAI SING CATHOLIC SCHOOL,"SINGAPORE YOUTH FLYING CLUB, ROBOTICS, INFOCOMM TECHNOLOGY (MEDIA PRODUCTION)",,"BADMINTON, VOLLEYBALL, FLOORBALL, BOWLING, GOLF","NATIONAL POLICE CADET CORPS, ST JOHN BRIGADE, NATIONAL CADET CORPS (LAND)","CHOIR, MODERN DANCE, MALAY DANCE, ENGLISH DRAMA, CONCERT BAND"
HILLGROVE SECONDARY SCHOOL,"SINGAPORE YOUTH FLYING CLUB, ROBOTICS",,"VOLLEYBALL, FLOORBALL, BADMINTON, NETBALL","BOYS' BRIGADE, GIRLS' BRIGADE, NATIONAL POLICE CADET CORPS, SCOUTS, NATIONAL CADET CORPS (AIR)","CHOIR, MODERN DANCE, MALAY DANCE, ENGLISH DRAMA, CONCERT BAND, ART AND CRAFTS, DIGITAL MEDIA"
HOLY INNOCENTS' HIGH SCHOOL,"JOURNALISM, CHINESE WEIQI, MEDIA RESOURCE LIBRARY",,"BADMINTON, BASKETBALL, NETBALL, FOOTBALL, WUSHU, FLOORBALL, BOWLING","NATIONAL POLICE CADET CORPS, ST JOHN BRIGADE, SCOUTS, NATIONAL CADET CORPS (LAND)","CHINESE ORCHESTRA, CHOIR, MODERN DANCE, ENGLISH DRAMA"
HOUGANG SECONDARY SCHOOL,INFOCOMM TECHNOLOGY (MEDIA PRODUCTION),,"BASKETBALL, JUDO, NETBALL, FOOTBALL, WUSHU, FLOORBALL","BOYS' BRIGADE, GIRLS' BRIGADE, GIRL GUIDES, NATIONAL POLICE CADET CORPS, RED CROSS YOUTH, NATIONAL CADET CORPS (LAND)","CONCERT BAND, SPEECH AND DRAMA, ANGKLUNG/KULINTANG ENSEMBLE, CHOIR, GUZHENG ENSEMBLE, MODERN DANCE"
HWA CHONG INSTITUTION,"INTERNATIONAL CHESS, INTERNATIONAL CHESS, DEBATING AND PUBLIC SPEAKING, DEBATING AND PUBLIC SPEAKING, MATHEMATICS, MATHEMATICS, SINGAPORE YOUTH FLYING CLUB, SINGAPORE YOUTH FLYING CLUB, INFOCOMM TECHNOLOGY (COMPUTING), INFOCOMM TECHNOLOGY (COMPUTING), AUDIO VIDEO AND INFORMATION TECHNOLOGY CLUB, AUDIO VIDEO AND INFORMATION TECHNOLOGY CLUB, ENTREPRENEURSHIP, ENTREPRENEURSHIP, CHINESE CHESS, CHINESE CHESS, CHINESE WEIQI, CHINESE WEIQI","STUDENT LEADERSHIP (COUNCIL), STUDENT LEADERSHIP (COUNCIL)","SHOOTING, SHOOTING, BADMINTON, BADMINTON, BASKETBALL, BASKETBALL, CANOEING, CANOEING, CROSS COUNTRY, CROSS COUNTRY, FENCING, FENCING, JUDO, JUDO, SOFTBALL, SOFTBALL, TRACK AND FIELD, TRACK AND FIELD, TABLE TENNIS, TABLE TENNIS, TENNIS, TENNIS, WATER POLO, WATER POLO, WUSHU, WUSHU, VOLLEYBALL, VOLLEYBALL, GYMNASTICS, GYMNASTICS","NATIONAL POLICE CADET CORPS, NATIONAL POLICE CADET CORPS, ST JOHN BRIGADE, ST JOHN BRIGADE, SCOUTS, SCOUTS, NATIONAL CADET CORPS (LAND), NATIONAL CADET CORPS (LAND)","CHINESE ORCHESTRA, CHINESE ORCHESTRA, CHOIR, CHOIR, BAND - MILITARY, BAND - MILITARY, ENGLISH DRAMA, ENGLISH DRAMA, STRING ENSEMBLE, STRING ENSEMBLE"
JUNYUAN SECONDARY SCHOOL,"INFOCOMM TECHNOLOGY (COMPUTING), INFOCOMM TECHNOLOGY (MEDIA PRODUCTION)",STUDENT LEADERSHIP (COUNCIL),"ARCHERY, BADMINTON, BASKETBALL, RUGBY, TRACK AND FIELD, VOLLEYBALL","BOYS' BRIGADE, GIRLS' BRIGADE, NATIONAL POLICE CADET CORPS, ST JOHN BRIGADE, NATIONAL CADET CORPS (LAND)","CONCERT BAND, CHOIR, GUITAR ENSEMBLE, MODERN DANCE, ENGLISH DRAMA"
JURONG PIONEER JUNIOR COLLEGE,"AUDIO VISUAL AID, INTERNATIONAL CHESS, DEBATING AND PUBLIC SPEAKING, COMMUNITY SERVICE (ROTARY-SPONSORED), MALAY CULTURE AND LANGUAGE, CIVIL DEFENCE",,"BADMINTON, BASKETBALL, HOCKEY, NETBALL, FOOTBALL, TABLE TENNIS, TENNIS, TAEKWONDO, VOLLEYBALL, FLOORBALL, TOUCH RUGBY, FRISBEE",,"CHINESE ORCHESTRA, CHOIR, GUITAR ENSEMBLE, MODERN DANCE, ENGLISH DRAMA, ART AND CRAFTS"
JURONG SECONDARY SCHOOL,MEDIA RESOURCE LIBRARY,,"BADMINTON, BASKETBALL, CROSS COUNTRY, VOLLEYBALL, FLOORBALL","GIRL GUIDES, NATIONAL POLICE CADET CORPS, RED CROSS YOUTH, SCOUTS, NATIONAL CADET CORPS (LAND)","CHINESE ORCHESTRA, CHOIR, MODERN DANCE, ENGLISH DRAMA"
JURONG WEST SECONDARY SCHOOL,"COMMUNITY INVOLVEMENT CLUB, ENVIRONMENTAL SCIENCE, INFOCOMM TECHNOLOGY (MEDIA PRODUCTION), COMMUNITY CLUB/YOUTH CLUB, ENGLISH LANGUAGE, DRAMA AND DEBATING",,"BADMINTON, BASKETBALL, HOCKEY, NETBALL, VOLLEYBALL, FLOORBALL, FRISBEE","BOYS' BRIGADE, NATIONAL POLICE CADET CORPS, RED CROSS YOUTH, NATIONAL CADET CORPS (LAND)","MODERN DANCE, ART AND CRAFTS, CHOIR, CONCERT BAND"
JURONGVILLE SECONDARY SCHOOL,AUDIO VISUAL AID,,"BADMINTON, BASKETBALL, NETBALL, SEPAKTAKRAW, FOOTBALL, TCHOUKBALL","BOYS' BRIGADE, GIRL GUIDES, NATIONAL POLICE CADET CORPS, SCOUTS, NATIONAL CADET CORPS (LAND)","ANGKLUNG/KULINTANG ENSEMBLE, CHINESE ORCHESTRA, PERCUSSION ENSEMBLE, ENGLISH DRAMA, CONCERT BAND"
JUYING SECONDARY SCHOOL,STUDENTS' COUNCIL,,"BADMINTON, BASKETBALL, NETBALL, FOOTBALL","NATIONAL CADET CORPS (SEA), NATIONAL CIVIL DEFENCE CADET CORPS","CHOIR, MODERN DANCE, ART AND CRAFTS, SPEECH AND DRAMA"
KENT RIDGE SECONDARY SCHOOL,"DEBATING AND PUBLIC SPEAKING, ROBOTICS, INFOCOMM TECHNOLOGY (MEDIA PRODUCTION)",,"BADMINTON, BASKETBALL, FOOTBALL, SAILING, FLOORBALL","BOYS' BRIGADE, GIRLS' BRIGADE, NATIONAL POLICE CADET CORPS, NATIONAL CADET CORPS (LAND)","CHOIR, MODERN DANCE, ENGLISH DRAMA, CONCERT BAND, ART AND CRAFTS"
KRANJI SECONDARY SCHOOL,"INTERNATIONAL AND GLOBAL STUDIES, INFOCOMM TECHNOLOGY (MEDIA PRODUCTION), PHYSICAL SCIENCE, ENGLISH LANGUAGE, DRAMA AND DEBATING, MALAY CULTURE AND LANGUAGE",,"BADMINTON, BASKETBALL, FOOTBALL, TABLE TENNIS, FLOORBALL","NATIONAL POLICE CADET CORPS, ST JOHN BRIGADE, NATIONAL CADET CORPS (LAND)","CONCERT BAND, ART AND CRAFTS, CHOIR, MODERN DANCE, CHINESE DANCE"
KUO CHUAN PRESBYTERIAN SECONDARY SCHOOL,"ROBOTICS, INFOCOMM TECHNOLOGY (MEDIA PRODUCTION)",,"SHOOTING, BADMINTON, BASKETBALL, NETBALL, FOOTBALL, TABLE TENNIS, VOLLEYBALL","BOYS' BRIGADE, GIRLS' BRIGADE, GIRL GUIDES, NATIONAL POLICE CADET CORPS, NATIONAL CIVIL DEFENCE CADET CORPS","CHOIR, GUZHENG ENSEMBLE, MODERN DANCE, CHINESE DANCE, ENGLISH DRAMA, CONCERT BAND, ART AND CRAFTS, PHOTOGRAPHY"
LOYANG VIEW SECONDARY SCHOOL,INFOCOMM TECHNOLOGY (MEDIA PRODUCTION),,"SHOOTING, BASKETBALL, NETBALL, FLOORBALL","BOYS' BRIGADE, GIRL GUIDES, NATIONAL POLICE CADET CORPS, NATIONAL CADET CORPS (LAND)","MODERN DANCE, ENGLISH DRAMA"
MANJUSRI SECONDARY SCHOOL,,,"BADMINTON, BASKETBALL, FOOTBALL, TABLE TENNIS, WUSHU","GIRL GUIDES, NATIONAL POLICE CADET CORPS, SCOUTS, NATIONAL CADET CORPS (LAND)","CHINESE ORCHESTRA, CHOIR, CHINESE DANCE, CONCERT BAND"
MARSILING SECONDARY SCHOOL,,,"BADMINTON, SEPAKTAKRAW, FLOORBALL","BOYS' BRIGADE, NATIONAL POLICE CADET CORPS, RED CROSS YOUTH, NATIONAL CADET CORPS (SEA)","CHINESE ORCHESTRA, MODERN DANCE, MALAY DANCE, ENGLISH DRAMA, CONCERT BAND, ART AND CRAFTS"
MAYFLOWER SECONDARY SCHOOL,"ENTREPRENEURSHIP, INFOCOMM TECHNOLOGY (COMPUTING), INFOCOMM TECHNOLOGY (MEDIA PRODUCTION)",,"NETBALL, FOOTBALL, TABLE TENNIS, TAEKWONDO, BOWLING, BASKETBALL","NATIONAL POLICE CADET CORPS, SCOUTS, NATIONAL CADET CORPS (LAND)","CHOIR, MODERN DANCE, CHINESE DANCE, ENGLISH DRAMA, CONCERT BAND, CHINESE INSTRUMENTAL ENSEMBLE"
MERIDIAN SECONDARY SCHOOL,"ROBOTICS, INFOCOMM TECHNOLOGY (MEDIA PRODUCTION)",,"BADMINTON, BASKETBALL, NETBALL, FOOTBALL, FLOORBALL","RED CROSS YOUTH, NATIONAL CADET CORPS (LAND), NATIONAL CIVIL DEFENCE CADET CORPS","ANGKLUNG/KULINTANG ENSEMBLE, CHOIR, MODERN DANCE, ENGLISH DRAMA, CONCERT BAND"
METHODIST GIRLS' SCHOOL (SECONDARY),"INTERNATIONAL CHESS, DEBATING AND PUBLIC SPEAKING, INFOCOMM TECHNOLOGY (MEDIA PRODUCTION)",,"NETBALL, FOOTBALL, SOFTBALL, SQUASH, SWIMMING, TRACK AND FIELD, TENNIS, BOWLING, ARTISTIC SWIMMING","GIRLS' BRIGADE, GIRL GUIDES, NATIONAL CADET CORPS (AIR)","CHOIR, GUITAR ENSEMBLE, STRING ENSEMBLE, HANDBELL ENSEMBLE, MODERN DANCE, ENGLISH DRAMA, ART AND CRAFTS"
MILLENNIA INSTITUTE,"ENTREPRENEURSHIP, COMMUNITY SERVICE, CHINESE CULTURE AND LANGUAGE",,"BADMINTON, CROSS COUNTRY, BASKETBALL, HOCKEY, FOOTBALL, FLOORBALL",,"DIGITAL MEDIA, ANGKLUNG/KULINTANG ENSEMBLE, MODERN DANCE, ART AND CRAFTS, SPEECH AND DRAMA"
MONTFORT SECONDARY SCHOOL,"DESIGN AND INNOVATION, MEDIA RESOURCE AND IT CLUB, AUDIO VISUAL AID, ENGLISH LANGUAGE, DRAMA AND DEBATING, INFOCOMM TECHNOLOGY (MEDIA PRODUCTION)",,"BADMINTON, BASKETBALL, RUGBY, FOOTBALL, SOFTBALL, WUSHU","NATIONAL POLICE CADET CORPS, SCOUTS, NATIONAL CADET CORPS (LAND), NATIONAL CIVIL DEFENCE CADET CORPS","CONCERT BAND, CHOIR, MODERN DANCE"
NAN CHIAU HIGH SCHOOL,"AUDIO VISUAL AID, DEBATING AND PUBLIC SPEAKING, INFOCOMM TECHNOLOGY (COMPUTING), ROBOTICS, CHINESE CHESS, CHINESE WEIQI, MEDIA RESOURCE LIBRARY",,"BADMINTON, BASKETBALL, TABLE TENNIS, WUSHU","NATIONAL POLICE CADET CORPS, RED CROSS YOUTH, SCOUTS, NATIONAL CADET CORPS (LAND)","CHINESE ORCHESTRA, CHOIR, STRING ENSEMBLE, CHINESE DANCE, CHINESE DRAMA, ENGLISH DRAMA, ART AND CRAFTS, CHINESE CALLIGRAPHY AND BRUSH PAINTING"
NANYANG GIRLS' HIGH SCHOOL,"CHINESE CULTURE AND LANGUAGE, AUDIO VISUAL AID, DEBATING AND PUBLIC SPEAKING, INFOCOMM TECHNOLOGY (COMPUTING), STRATEGY GAMES, ENVIRONMENTAL SCIENCE",,"BADMINTON, BASKETBALL, JUDO, NETBALL, SOFTBALL, SAILING, TRACK AND FIELD, WUSHU, VOLLEYBALL, ARTISTIC GYMNASTICS, TENNIS, TABLE TENNIS, OUTDOOR ADVENTURE, MODULAR CCA (SPORTS)","GIRL GUIDES, NATIONAL POLICE CADET CORPS, ST JOHN BRIGADE","CHINESE ORCHESTRA, CHOIR, STRING ENSEMBLE, GUZHENG ENSEMBLE, MODERN DANCE, CHINESE DANCE, CONCERT BAND, LION AND DRAGON DANCE, SPEECH AND DRAMA"
NATIONAL JUNIOR COLLEGE,,"STUDENT LEADERSHIP (COUNCIL), STUDENT LEADERSHIP (COUNCIL)","SOFTBALL, SQUASH, SQUASH, TRACK AND FIELD, TRACK AND FIELD, SOFTBALL, SHOOTING, SHOOTING, BASKETBALL, BASKETBALL, CANOEING, CANOEING",,"CHINESE ORCHESTRA, CHINESE ORCHESTRA, CHOIR, CHOIR, GUITAR ENSEMBLE, GUITAR ENSEMBLE, STRING ENSEMBLE, MALAY DANCE, MALAY DANCE, STRING ENSEMBLE, MODERN DANCE, CONCERT BAND, CONCERT BAND, GUZHENG ENSEMBLE, GUZHENG ENSEMBLE, MODERN DANCE, CHINESE DANCE, CHINESE DANCE, INDIAN DANCE, INDIAN DANCE"
NAVAL BASE SECONDARY SCHOOL,"MEDIA RESOURCE LIBRARY, INFOCOMM TECHNOLOGY (MEDIA PRODUCTION)",,"BASKETBALL, NETBALL, SEPAKTAKRAW, FOOTBALL, TABLE TENNIS","GIRL GUIDES, NATIONAL POLICE CADET CORPS, ST JOHN BRIGADE, NATIONAL CADET CORPS (LAND)","CHOIR, ENGLISH DRAMA, CONCERT BAND, ART AND CRAFTS, MODERN DANCE"
NEW TOWN SECONDARY SCHOOL,"INFOCOMM TECHNOLOGY (MEDIA PRODUCTION), MEDIA RESOURCE LIBRARY",,"BADMINTON, BASKETBALL, FOOTBALL, SOFTBALL, TABLE TENNIS","GIRL GUIDES, NATIONAL POLICE CADET CORPS, SCOUTS, NATIONAL CADET CORPS (LAND)","CHINESE DANCE, GUZHENG ENSEMBLE, MALAY DANCE, CONCERT BAND, ART AND CRAFTS"
NGEE ANN SECONDARY SCHOOL,"ROBOTICS, INTERNATIONAL CHESS, INFOCOMM TECHNOLOGY (MEDIA PRODUCTION)",,"BADMINTON, BASKETBALL, WUSHU, VOLLEYBALL, OUTDOOR ADVENTURE","GIRL GUIDES, NATIONAL POLICE CADET CORPS, SCOUTS, NATIONAL CADET CORPS (LAND)","CHINESE ORCHESTRA, CHOIR, ENGLISH DRAMA, CONCERT BAND, POP AND JAZZ, PHOTOGRAPHY, MODERN DANCE, ART AND CRAFTS"
NORTH VISTA SECONDARY SCHOOL,"COMMUNITY SERVICE, INFOCOMM TECHNOLOGY (MEDIA PRODUCTION)",STUDENT LEADERSHIP (PREFECT),"FOOTBALL, BASKETBALL, NETBALL, OUTDOOR ADVENTURE, TRACK AND FIELD, GOLF","GIRL GUIDES, NATIONAL POLICE CADET CORPS, ST JOHN BRIGADE, NATIONAL CADET CORPS (LAND)","CONCERT BAND, CHOIR, STRING ENSEMBLE, MODERN DANCE, CHINESE DANCE, ENGLISH DRAMA"
NORTHBROOKS SECONDARY SCHOOL,"AERO-MODELLING, ENVIRONMENTAL SCIENCE, INFOCOMM TECHNOLOGY (MEDIA PRODUCTION)",STUDENT LEADERSHIP (COUNCIL),"BADMINTON, BASKETBALL, FLOORBALL","BOYS' BRIGADE, NATIONAL POLICE CADET CORPS, RED CROSS YOUTH, NATIONAL CADET CORPS (AIR)","GUZHENG ENSEMBLE, MODERN DANCE, ENGLISH DRAMA, CONCERT BAND"
NORTHLAND SECONDARY SCHOOL,"DESIGN AND INNOVATION, INFOCOMM TECHNOLOGY (MEDIA PRODUCTION)",,"HOCKEY, NETBALL, WUSHU, FLOORBALL, BASKETBALL","GIRL GUIDES, NATIONAL POLICE CADET CORPS, NATIONAL CADET CORPS (AIR), NATIONAL CADET CORPS (LAND)","GUZHENG ENSEMBLE, MODERN DANCE, INDIAN DANCE, MALAY DANCE, CONCERT BAND, PIPE BAND"
NORTHLIGHT SCHOOL,"FOOD AND CONSUMER EDUCATION, READING AND WRITING, ENTREPRENEURSHIP, MEDIA RESOURCE AND IT CLUB",,"BADMINTON, BASKETBALL, NETBALL, SEPAKTAKRAW, FOOTBALL, TRACK AND FIELD, TABLE TENNIS, FLOORBALL","GIRL GUIDES, NATIONAL CIVIL DEFENCE CADET CORPS","MODERN DANCE, ENGLISH DRAMA, ART AND CRAFTS"
NUS HIGH SCHOOL OF MATHEMATICS AND SCIENCE,"DEBATING AND PUBLIC SPEAKING, DEBATING AND PUBLIC SPEAKING, ROBOTICS, ROBOTICS, CHESS CLUB - INTERNATIONAL, CHESS CLUB - INTERNATIONAL, CHINESE CHESS, CHINESE CHESS, CHINESE WEIQI, CHINESE WEIQI, JOURNALISM, JOURNALISM, SINGAPORE YOUTH FLYING CLUB, SINGAPORE YOUTH FLYING CLUB",,"SEA SPORTS, OUTDOOR ADVENTURE, OUTDOOR ADVENTURE, BADMINTON, BADMINTON, BASKETBALL, BASKETBALL, NETBALL, NETBALL, FOOTBALL, FOOTBALL, TRACK AND FIELD, TRACK AND FIELD, TABLE TENNIS, TABLE TENNIS, TENNIS, TENNIS","ST JOHN BRIGADE, ST JOHN BRIGADE, SCOUTS, SCOUTS, NATIONAL CADET CORPS (LAND), NATIONAL CADET CORPS (LAND)","ENGLISH DRAMA, ENGLISH DRAMA, PHOTO AND VIDEO SOCIETY, PHOTO AND VIDEO SOCIETY, CHINESE ORCHESTRA, CHINESE ORCHESTRA, CHOIR, CHOIR"
ORCHID PARK SECONDARY SCHOOL,INFOCOMM TECHNOLOGY (MEDIA PRODUCTION),,"HOCKEY, NETBALL, FOOTBALL, WUSHU, FLOORBALL, BASKETBALL","BOYS' BRIGADE, GIRLS' BRIGADE, NATIONAL POLICE CADET CORPS, NATIONAL CADET CORPS (SEA), NATIONAL CIVIL DEFENCE CADET CORPS","CHOIR, GUITAR ENSEMBLE, MODERN DANCE, ENGLISH DRAMA, ART AND CRAFTS, CONCERT BAND"
OUTRAM SECONDARY SCHOOL,"AUDIO VISUAL AID, ENTREPRENEURSHIP, INFOCOMM TECHNOLOGY (MEDIA PRODUCTION)",,"BASKETBALL, NETBALL, SWIMMING, WATER POLO","NATIONAL POLICE CADET CORPS, NATIONAL CADET CORPS (LAND)","MODERN DANCE, CONCERT BAND, PHOTOGRAPHY"
PASIR RIS CREST SECONDARY SCHOOL,"DEBATING AND PUBLIC SPEAKING, AUDIO VISUAL AID",,"FENCING, NETBALL, SOFTBALL, TABLE TENNIS, VOLLEYBALL","GIRL GUIDES, NATIONAL POLICE CADET CORPS, ST JOHN BRIGADE, NATIONAL CADET CORPS (LAND)","CHINESE ORCHESTRA, CHOIR, GUZHENG ENSEMBLE, MODERN DANCE, ENGLISH DRAMA, CONCERT BAND"
PASIR RIS SECONDARY SCHOOL,,,"BADMINTON, BASKETBALL, NETBALL, FOOTBALL, TABLE TENNIS, VOLLEYBALL","NATIONAL POLICE CADET CORPS, NATIONAL CADET CORPS (LAND), NATIONAL CIVIL DEFENCE CADET CORPS","CHINESE ORCHESTRA, CHOIR, MODERN DANCE, CONCERT BAND"
PAYA LEBAR METHODIST GIRLS' SCHOOL (SECONDARY),"INFOCOMM TECHNOLOGY (MEDIA PRODUCTION), ENGLISH LANGUAGE, DRAMA AND DEBATING",,"BADMINTON, NETBALL, SWIMMING, TRACK AND FIELD, TABLE TENNIS, VOLLEYBALL, RHYTHMIC GYMNASTICS","ST JOHN BRIGADE, GIRLS' BRIGADE, NATIONAL POLICE CADET CORPS","CHOIR, GUITAR ENSEMBLE, GUZHENG ENSEMBLE, HANDBELL ENSEMBLE, HARP ENSEMBLE, MODERN DANCE, CHINESE DRAMA, ENGLISH DRAMA, CONCERT BAND, PHOTOGRAPHY"
PEI HWA SECONDARY SCHOOL,"JOURNALISM, ROBOTICS, INFOCOMM TECHNOLOGY (MEDIA PRODUCTION)",STUDENT LEADERSHIP (COUNCIL),"BADMINTON, BASKETBALL, FOOTBALL, TABLE TENNIS, TAEKWONDO, WUSHU, FLOORBALL, OUTDOOR ADVENTURE","NATIONAL POLICE CADET CORPS, NATIONAL CADET CORPS (LAND), NATIONAL CIVIL DEFENCE CADET CORPS","CHOIR, GUZHENG ENSEMBLE, MODERN DANCE, CONCERT BAND, ART AND CRAFTS, SPEECH AND DRAMA"
PEICAI SECONDARY SCHOOL,"INFOCOMM TECHNOLOGY (MEDIA PRODUCTION), AERO-MODELLING",STUDENT LEADERSHIP (COUNCIL),"BASKETBALL, SOFTBALL, VOLLEYBALL","NATIONAL CADET CORPS (SEA), GIRL GUIDES, NATIONAL POLICE CADET CORPS","MODERN DANCE, ENGLISH DRAMA, CONCERT BAND, ART AND CRAFTS"
PEIRCE SECONDARY SCHOOL,"ROBOTICS, INFOCOMM TECHNOLOGY (MEDIA PRODUCTION)",,"BASKETBALL, NETBALL, RUGBY, TABLE TENNIS, VOLLEYBALL, JUDO","NATIONAL POLICE CADET CORPS, ST JOHN BRIGADE, SCOUTS, NATIONAL CADET CORPS (LAND)","CHOIR, ART AND CRAFTS, MODERN DANCE, ENGLISH DRAMA, CONCERT BAND"
PING YI SECONDARY SCHOOL,,,"CRICKET, NETBALL, TCHOUKBALL","NATIONAL POLICE CADET CORPS, NATIONAL CADET CORPS (LAND)","ANGKLUNG/KULINTANG ENSEMBLE, MARCHING BAND, MODERN DANCE"
PRESBYTERIAN HIGH SCHOOL,"AUDIO VISUAL AID, INFOCOMM TECHNOLOGY (MEDIA PRODUCTION)",,"BADMINTON, BASKETBALL, FOOTBALL, TABLE TENNIS, VOLLEYBALL","BOYS' BRIGADE, GIRLS' BRIGADE, NATIONAL POLICE CADET CORPS, NATIONAL CADET CORPS (SEA), NATIONAL CIVIL DEFENCE CADET CORPS","CHOIR, CONCERT BAND, MODERN DANCE, ENGLISH DRAMA, GUZHENG ENSEMBLE, CHINESE ORCHESTRA"
PUNGGOL SECONDARY SCHOOL,"AUDIO VISUAL AID, ENGLISH LANGUAGE, DRAMA AND DEBATING, COMMUNITY SERVICE (ROTARY-SPONSORED), INDIAN LANGUAGE, DRAMA AND DEBATING, ENVIRONMENTAL SCIENCE",,"SHOOTING, BASKETBALL, NETBALL, FOOTBALL, TABLE TENNIS, VOLLEYBALL","NATIONAL POLICE CADET CORPS, RED CROSS YOUTH, SCOUTS, NATIONAL CADET CORPS (LAND)","CHOIR, GUZHENG ENSEMBLE, MODERN DANCE, ART AND CRAFTS"
QUEENSTOWN SECONDARY SCHOOL,"STRATEGY GAMES, DESIGN AND INNOVATION, INFOCOMM TECHNOLOGY (COMPUTING)",,"BASKETBALL, FOOTBALL, TABLE TENNIS, WUSHU, VOLLEYBALL","GIRL GUIDES, NATIONAL POLICE CADET CORPS, RED CROSS YOUTH, SCOUTS, NATIONAL CADET CORPS (LAND)","CHOIR, CHINESE DANCE, MALAY DANCE, ENGLISH DRAMA, CONCERT BAND, DIGITAL MEDIA"
QUEENSWAY SECONDARY SCHOOL,"MEDIA RESOURCE LIBRARY, ENVIRONMENTAL SCIENCE, INFOCOMM TECHNOLOGY (MEDIA PRODUCTION), COMMUNITY SERVICE, ENGLISH LANGUAGE, DRAMA AND DEBATING",,"BADMINTON, BASKETBALL, HOCKEY, FOOTBALL, VOLLEYBALL","BOYS' BRIGADE, GIRL GUIDES, NATIONAL POLICE CADET CORPS, NATIONAL CADET CORPS (LAND), NATIONAL CIVIL DEFENCE CADET CORPS","MODERN DANCE, CONCERT BAND, CHOIR, CHINESE DANCE, ART AND CRAFTS"
RAFFLES GIRLS' SCHOOL (SECONDARY),"STRATEGY GAMES, DEBATING AND PUBLIC SPEAKING, INFOCOMM TECHNOLOGY (COMPUTING), ROBOTICS, ENVIRONMENTAL SCIENCE",,"SHOOTING, BADMINTON, BASKETBALL, FENCING, NETBALL, SOFTBALL, SQUASH, SWIMMING, SAILING, TRACK AND FIELD, TABLE TENNIS, TENNIS, RHYTHMIC GYMNASTICS, TRAMPOLINE","GIRLS' BRIGADE, GIRL GUIDES, RED CROSS YOUTH, NATIONAL CADET CORPS (LAND), NATIONAL POLICE CADET CORPS (SEA)","ANGKLUNG/KULINTANG ENSEMBLE, CHINESE ORCHESTRA, CHOIR, GUITAR ENSEMBLE, STRING ENSEMBLE, BAND - SYMPHONIC, HANDBELL ENSEMBLE, DANCE - INTERNATIONAL, CHINESE DANCE, OPERA/OPERATTA, ART AND CRAFTS, PHOTOGRAPHY"
RAFFLES INSTITUTION,"DEBATING AND PUBLIC SPEAKING, INTERNATIONAL CHESS, INTERNATIONAL CHESS, COMMUNITY SERVICE (ROTARY-SPONSORED), HERITAGE, HERITAGE, DEBATING AND PUBLIC SPEAKING, COMMUNITY SERVICE (ROTARY-SPONSORED), ENVIRONMENTAL SCIENCE, ENVIRONMENTAL SCIENCE",,"WATER POLO, RUGBY, RUGBY, SAILING, SAILING, TENNIS, TABLE TENNIS, TABLE TENNIS, TRACK AND FIELD, SHOOTING, SHOOTING, BADMINTON, BADMINTON, BASKETBALL, BASKETBALL, CRICKET, CRICKET, CROSS COUNTRY, CROSS COUNTRY, FENCING, FENCING, JUDO, JUDO, SOFTBALL, SOFTBALL, SQUASH, SQUASH, TRACK AND FIELD, TENNIS, WATER POLO","RED CROSS YOUTH, RED CROSS YOUTH, SCOUTS, SCOUTS, BOYS' BRIGADE, NATIONAL POLICE CADET CORPS, NATIONAL POLICE CADET CORPS, NATIONAL CADET CORPS (LAND), NATIONAL CADET CORPS (LAND), BOYS' BRIGADE","ENGLISH DRAMA, ENGLISH DRAMA, BAND - MILITARY, CHOIR, GUITAR ENSEMBLE, PHOTOGRAPHY, PHOTOGRAPHY, CHOIR, GUITAR ENSEMBLE, BAND - MILITARY"
REGENT SECONDARY SCHOOL,"DESIGN AND INNOVATION, ENVIRONMENTAL SCIENCE, INFOCOMM TECHNOLOGY (MEDIA PRODUCTION), ROBOTICS",,"BADMINTON, BASKETBALL, NETBALL, FOOTBALL, TAEKWONDO","BOYS' BRIGADE, GIRLS' BRIGADE, NATIONAL POLICE CADET CORPS, RED CROSS YOUTH","CHOIR, MODERN DANCE, ENGLISH DRAMA, CONCERT BAND"
RIVER VALLEY HIGH SCHOOL,"ENGLISH LANGUAGE, DRAMA AND DEBATING, ENGLISH LANGUAGE, DRAMA AND DEBATING, INFOCOMM TECHNOLOGY (COMPUTING), INFOCOMM TECHNOLOGY (COMPUTING), CHINESE LANGUAGE, DRAMA AND DEBATING, CHINESE LANGUAGE, DRAMA AND DEBATING",,"NETBALL, NETBALL, BASKETBALL, BADMINTON, BADMINTON, BASKETBALL, SOFTBALL, SOFTBALL, TABLE TENNIS, TABLE TENNIS, WUSHU, WUSHU, VOLLEYBALL, VOLLEYBALL, FLOORBALL, FLOORBALL","GIRL GUIDES, GIRL GUIDES, NATIONAL POLICE CADET CORPS, NATIONAL POLICE CADET CORPS, ST JOHN BRIGADE, ST JOHN BRIGADE, SCOUTS, SCOUTS, NATIONAL CADET CORPS (LAND), NATIONAL CADET CORPS (LAND)","CHINESE DRAMA, CHINESE DRAMA, CHINESE CALLIGRAPHY AND BRUSH PAINTING, CHINESE CALLIGRAPHY AND BRUSH PAINTING, CHINESE ORCHESTRA, CHINESE ORCHESTRA, CHOIR, CHOIR, CHINESE DANCE, CHINESE DANCE, ENGLISH DRAMA, ENGLISH DRAMA, CONCERT BAND, CONCERT BAND"
RIVERSIDE SECONDARY SCHOOL,"INFOCOMM TECHNOLOGY (MEDIA PRODUCTION), AUDIO VISUAL AID, ROBOTICS",,"BADMINTON, BASKETBALL, NETBALL, FOOTBALL, SOFTBALL","BOYS' BRIGADE, GIRLS' BRIGADE, NATIONAL POLICE CADET CORPS, NATIONAL CADET CORPS (SEA), NATIONAL CIVIL DEFENCE CADET CORPS","CONCERT BAND, CHOIR, MODERN DANCE, CHINESE DANCE, INDIAN DANCE, MALAY DANCE, ENGLISH DRAMA, ART AND CRAFTS"
"SCHOOL OF SCIENCE AND TECHNOLOGY, SINGAPORE","INFOCOMM TECHNOLOGY (MEDIA PRODUCTION), SPACE SCIENCE, SINGAPORE YOUTH FLYING CLUB, ROBOTICS",,"TRACK AND FIELD, BADMINTON, BASKETBALL, FENCING, FOOTBALL, TAEKWONDO, FLOORBALL",SCOUTS,"POP AND JAZZ, GUITAR ENSEMBLE, ENGLISH DRAMA"
SEMBAWANG SECONDARY SCHOOL,"AUDIO VISUAL AID, INFOCOMM TECHNOLOGY (MEDIA PRODUCTION)","STUDENT LEADERSHIP (HOUSE), STUDENT LEADERSHIP (COUNCIL)","FOOTBALL, FLOORBALL, VOLLEYBALL, BADMINTON, NETBALL","BOYS' BRIGADE, GIRLS' BRIGADE, NATIONAL POLICE CADET CORPS, NATIONAL CADET CORPS (SEA)","CHINESE DANCE, MALAY DANCE, CONCERT BAND"
SENG KANG SECONDARY SCHOOL,AUDIO VISUAL AID,,"BADMINTON, BASKETBALL, HOCKEY, NETBALL, FOOTBALL","GIRL GUIDES, NATIONAL POLICE CADET CORPS, RED CROSS YOUTH, NATIONAL CADET CORPS (LAND)","CONCERT BAND, GUZHENG ENSEMBLE, MODERN DANCE, ENGLISH DRAMA, ART AND CRAFTS, CHOIR"
SERANGOON GARDEN SECONDARY SCHOOL,,,"BADMINTON, BASKETBALL, NETBALL, FOOTBALL, TABLE TENNIS, FLOORBALL","BOYS' BRIGADE, GIRLS' BRIGADE, GIRL GUIDES, NATIONAL POLICE CADET CORPS, RED CROSS YOUTH, NATIONAL CADET CORPS (LAND)","CHOIR, GUZHENG ENSEMBLE, CONCERT BAND"
SERANGOON SECONDARY SCHOOL,"INFOCOMM TECHNOLOGY (COMPUTING), AUDIO VISUAL AID",,"BASKETBALL, NETBALL, FOOTBALL, FLOORBALL","GIRL GUIDES, NATIONAL POLICE CADET CORPS, RED CROSS YOUTH, SCOUTS, NATIONAL CADET CORPS (LAND)","CHINESE INSTRUMENTAL ENSEMBLE, MODERN DANCE, MALAY DANCE, ENGLISH DRAMA, CONCERT BAND, CHOIR"
SINGAPORE CHINESE GIRLS' SCHOOL,"DEBATING AND PUBLIC SPEAKING, INFOCOMM TECHNOLOGY (MEDIA PRODUCTION)",STUDENT LEADERSHIP (PREFECT),"ARTISTIC GYMNASTICS, BADMINTON, BASKETBALL, NETBALL, SQUASH, SWIMMING, TENNIS, TRAMPOLINE, ARTISTIC SWIMMING","GIRLS' BRIGADE, GIRL GUIDES, RED CROSS YOUTH, NATIONAL CADET CORPS (LAND)","CHOIR, STRING ENSEMBLE, HANDBELL ENSEMBLE, CHINESE DRAMA, ENGLISH DRAMA, CONCERT BAND, ART AND CRAFTS"
SPECTRA SECONDARY SCHOOL,ENTREPRENEURSHIP,,"BASKETBALL, FOOTBALL, FLOORBALL","GIRL GUIDES, NATIONAL CIVIL DEFENCE CADET CORPS","MODERN DANCE, ART AND CRAFTS"
SPRINGFIELD SECONDARY SCHOOL,,STUDENT LEADERSHIP (COUNCIL),"NETBALL, FOOTBALL, TAEKWONDO, FLOORBALL, OUTDOOR ADVENTURE","BOYS' BRIGADE, GIRLS' BRIGADE, NATIONAL CADET CORPS (LAND), NATIONAL POLICE CADET CORPS (SEA)","GUZHENG ENSEMBLE, MODERN DANCE, ENGLISH DRAMA, CONCERT BAND"
ST. ANDREW'S JUNIOR COLLEGE,"STUDENTS' COUNCIL, AUDIO VISUAL AID, COMMUNITY SERVICE (ROTARY-SPONSORED), MALAY CULTURE AND LANGUAGE, INTERNATIONAL AND GLOBAL STUDIES, INDIAN CULTURE AND LANGUAGE, INFOCOMM TECHNOLOGY (COMPUTING), ENGLISH CULTURE AND LANGUAGE, ENVIRONMENTAL SCIENCE, COMMUNITY SERVICE",,"BADMINTON, BASKETBALL, CANOEING, HOCKEY, NETBALL, RUGBY, FOOTBALL, TRACK AND FIELD, TENNIS, WATER POLO, BOWLING, TOUCH RUGBY, FRISBEE, HEALTH AND FITNESS, OUTDOOR ADVENTURE",,"PHOTOGRAPHY, CHINESE ORCHESTRA, CHOIR, GUITAR ENSEMBLE, MODERN DANCE, ENGLISH DRAMA, CONCERT BAND"
ST. ANDREW'S SECONDARY SCHOOL,"SINGAPORE YOUTH FLYING CLUB, ROBOTICS",,"BASKETBALL, CRICKET, HOCKEY, RUGBY, FOOTBALL, SQUASH, SWIMMING, TRACK AND FIELD, TENNIS, WATER POLO","BOYS' BRIGADE, NATIONAL POLICE CADET CORPS, SCOUTS, NATIONAL CADET CORPS (LAND)","CHOIR, ENGLISH DRAMA"
ST. ANTHONY'S CANOSSIAN SECONDARY SCHOOL,"AUDIO VISUAL AID, DEBATING AND PUBLIC SPEAKING, CHINESE CULTURE AND LANGUAGE, MEDIA RESOURCE LIBRARY, HOME ECONOMICS",,"BADMINTON, NETBALL, TRACK AND FIELD, TENNIS, TAEKWONDO, FLOORBALL, HANDBALL","GIRL GUIDES, NATIONAL CIVIL DEFENCE CADET CORPS","GUITAR ENSEMBLE, PERCUSSION ENSEMBLE, MODERN DANCE, INDIAN DANCE, ENGLISH DRAMA, CONCERT BAND, FILM, ANGKLUNG/KULINTANG ENSEMBLE, CHOIR"
ST. GABRIEL'S SECONDARY SCHOOL,AUDIO VISUAL AID,,"BADMINTON, JUDO, KARATE, FOOTBALL, SOFTBALL, FLOORBALL, GOLF","NATIONAL POLICE CADET CORPS, RED CROSS YOUTH, SCOUTS, NATIONAL CADET CORPS (AIR), NATIONAL CADET CORPS (LAND)","SPEECH AND DRAMA, CHOIR, GUITAR ENSEMBLE, CONCERT BAND"
ST. HILDA'S SECONDARY SCHOOL,"AUDIO VISUAL AID, MEDIA RESOURCE LIBRARY, INFOCOMM TECHNOLOGY (COMPUTING)",STUDENT LEADERSHIP (COUNCIL),"BADMINTON, HOCKEY, NETBALL, VOLLEYBALL, FLOORBALL, MODULAR CCA (SPORTS)","BOYS' BRIGADE, GIRLS' BRIGADE, NATIONAL POLICE CADET CORPS, NATIONAL CIVIL DEFENCE CADET CORPS","CHOIR, GUITAR ENSEMBLE, HANDBELL ENSEMBLE, ENGLISH DRAMA, ART AND CRAFTS, PHOTOGRAPHY, CONCERT BAND"
ST. MARGARET'S SECONDARY SCHOOL,"DEBATING AND PUBLIC SPEAKING, INFOCOMM TECHNOLOGY (MEDIA PRODUCTION), MEDIA RESOURCE LIBRARY",,"FLOORBALL, BOWLING, BADMINTON, BASKETBALL, FENCING, NETBALL, TENNIS","GIRLS' BRIGADE, GIRL GUIDES, NATIONAL POLICE CADET CORPS, RED CROSS YOUTH","CONCERT BAND, ART AND CRAFTS, CHOIR, STRING ENSEMBLE, MODERN DANCE, CHINESE DANCE, INDIAN DANCE, MALAY DANCE, ENGLISH DRAMA"
ST. PATRICK'S SCHOOL,MEDIA RESOURCE CLUB,,FOOTBALL,SCOUTS,CONCERT BAND
SWISS COTTAGE SECONDARY SCHOOL,"STUDENTS' COUNCIL, INFOCOMM TECHNOLOGY (MEDIA PRODUCTION)",,"BADMINTON, BASKETBALL, FOOTBALL, FLOORBALL, BOWLING","BOYS' BRIGADE, GIRL GUIDES, NATIONAL POLICE CADET CORPS, SCOUTS, NATIONAL CADET CORPS (AIR), NATIONAL CIVIL DEFENCE CADET CORPS","CHOIR, CHINESE DANCE, MALAY DANCE, ENGLISH DRAMA, CHINESE ORCHESTRA, MARCHING BAND"
TAMPINES MERIDIAN JUNIOR COLLEGE,"DEBATING AND PUBLIC SPEAKING, COMMUNITY SERVICE, AUDIO VISUAL AID",STUDENT LEADERSHIP (COUNCIL),"ARCHERY, SHOOTING, BADMINTON, BASKETBALL, NETBALL, FOOTBALL, SQUASH, TABLE TENNIS, TAEKWONDO, WUSHU, VOLLEYBALL, FLOORBALL, HEALTH AND FITNESS, OUTDOOR ADVENTURE, ROCKWALL CLIMBING",,"CHINESE ORCHESTRA, CHOIR, GUITAR ENSEMBLE, ENGLISH DRAMA, PHOTOGRAPHY, MODERN DANCE, CONCERT BAND"
TAMPINES SECONDARY SCHOOL,"AUDIO VISUAL AID, INFOCOMM TECHNOLOGY (MEDIA PRODUCTION)",,"BADMINTON, BASKETBALL, NETBALL, FOOTBALL, WUSHU","GIRL GUIDES, NATIONAL POLICE CADET CORPS, ST JOHN BRIGADE, NATIONAL CADET CORPS (LAND)","CHOIR, MODERN DANCE, CHINESE DANCE, MALAY DANCE, ENGLISH DRAMA, CONCERT BAND, ART AND CRAFTS"
TANGLIN SECONDARY SCHOOL,INFOCOMM TECHNOLOGY (MEDIA PRODUCTION),,"BADMINTON, BASKETBALL, FENCING, NETBALL, FOOTBALL, VOLLEYBALL","BOYS' BRIGADE, NATIONAL POLICE CADET CORPS, ST JOHN BRIGADE, SCOUTS, NATIONAL CADET CORPS (LAND)","GUZHENG ENSEMBLE, PERCUSSION ENSEMBLE, CHINESE DANCE, CONCERT BAND"
TANJONG KATONG GIRLS' SCHOOL,"ENGLISH LANGUAGE, DRAMA AND DEBATING, MEDIA RESOURCE LIBRARY, INFOCOMM TECHNOLOGY (MEDIA PRODUCTION), COMMUNITY SERVICE",,"BADMINTON, BASKETBALL, NETBALL, SOFTBALL, SAILING, TENNIS, FLOORBALL, BOWLING","GIRL GUIDES, NATIONAL POLICE CADET CORPS, RED CROSS YOUTH","CHOIR, STRING ENSEMBLE, MODERN DANCE, ENGLISH DRAMA, CONCERT BAND, ART AND CRAFTS"
TANJONG KATONG SECONDARY SCHOOL,"AUDIO VISUAL AID, INTERNATIONAL CHESS",,"SHOOTING, BASKETBALL, NETBALL, FOOTBALL, TRACK AND FIELD, FLOORBALL","GIRL GUIDES, NATIONAL POLICE CADET CORPS, SCOUTS, NATIONAL CADET CORPS (LAND), NATIONAL CADET CORPS (SEA)","CHOIR, MARCHING BAND, MODERN DANCE, ENGLISH DRAMA, ART AND CRAFTS"
TECK WHYE SECONDARY SCHOOL,"ROBOTICS, INFOCOMM TECHNOLOGY (MEDIA PRODUCTION)",,"BADMINTON, BASKETBALL, HOCKEY, FOOTBALL, TAEKWONDO, FLOORBALL","BOYS' BRIGADE, GIRL GUIDES, NATIONAL POLICE CADET CORPS, NATIONAL CADET CORPS (LAND)","GUITAR ENSEMBLE, MODERN DANCE, CONCERT BAND"
TEMASEK JUNIOR COLLEGE,,,"BADMINTON, BADMINTON, BASKETBALL, BASKETBALL, FOOTBALL, FOOTBALL, SWIMMING, SWIMMING, TAEKWONDO, TAEKWONDO, VOLLEYBALL, VOLLEYBALL, BOWLING, BOWLING",,"CHOIR, CHOIR, GUITAR ENSEMBLE, GUITAR ENSEMBLE, MODERN DANCE, MODERN DANCE, CONCERT BAND, CONCERT BAND"
TEMASEK SECONDARY SCHOOL,"ROBOTICS, ENVIRONMENTAL SCIENCE, INFOCOMM TECHNOLOGY (MEDIA PRODUCTION)",,"SHOOTING, BASKETBALL, CANOEING, NETBALL, SOFTBALL, TRACK AND FIELD, WUSHU","NATIONAL POLICE CADET CORPS, NATIONAL CADET CORPS (LAND), NATIONAL CIVIL DEFENCE CADET CORPS","CONCERT BAND, MODERN DANCE, ENGLISH DRAMA, POP AND JAZZ, CHINESE ORCHESTRA, CHOIR"
UNITY SECONDARY SCHOOL,"AUDIO VISUAL AID, MEDIA RESOURCE LIBRARY, ENVIRONMENTAL SCIENCE",,"BASKETBALL, FOOTBALL, TRACK AND FIELD, TABLE TENNIS, VOLLEYBALL","BOYS' BRIGADE, GIRLS' BRIGADE, NATIONAL POLICE CADET CORPS, SCOUTS, NATIONAL CADET CORPS (AIR)","CHOIR, INDIAN ORCHESTRA, SPEECH AND DRAMA"
VICTORIA JUNIOR COLLEGE,"SPACE SCIENCE, CHINESE SOCIETY, DEBATING AND PUBLIC SPEAKING, ECONOMICS SOCIETY, COMMUNITY SERVICE (FIRST AID), HORTICULTURE CLUB, COMMUNITY SERVICE (ROTARY-SPONSORED), JAPANESE CLUB, LIBRARY COUNCIL, MALAY CULTURE AND LANGUAGE, MATHEMATICS, OUTDOOR ACTIVITIES CLUB, STUDENTS' COUNCIL, SCIENCE SOCIETY, WRITERS' CIRCLE, INDIAN CULTURE AND LANGUAGE, ROBOTICS, ANIMAL WELFARE SOCIETY, EARTH WATCH, PA CREW, INFOCOMM TECHNOLOGY (MEDIA PRODUCTION), STRATEGY GAMES, STRATEGIC GAMES CLUB, MEDICAL SOCIETY",STUDENT LEADERSHIP (COUNCIL),"CROSS COUNTRY, HOCKEY, NETBALL, FOOTBALL, SWIMMING, SAILING, TRACK AND FIELD, TABLE TENNIS, TENNIS, TAEKWONDO, WUSHU, VOLLEYBALL, FLOORBALL, OUTDOOR ADVENTURE, ROCKWALL CLIMBING, BADMINTON, BASKETBALL, CRICKET",,"CHINESE ORCHESTRA, CHOIR, GUITAR ENSEMBLE, HARMONICA ENSEMBLE, STRING ENSEMBLE, BAND - SYMPHONIC, MODERN DANCE, ENGLISH DRAMA, CONCERT BAND, ART AND CRAFTS, PHOTOGRAPHY, CHINESE CALLIGRAPHY SOCIETY"
VICTORIA SCHOOL,"AUDIO VISUAL AID, DEBATING AND PUBLIC SPEAKING, INFOCOMM TECHNOLOGY (COMPUTING)",,"SHOOTING, BADMINTON, CRICKET, CROSS COUNTRY, HOCKEY, FOOTBALL, SAILING, TRACK AND FIELD, TABLE TENNIS, TENNIS, WUSHU, VOLLEYBALL, FLOORBALL","BOYS' BRIGADE, NATIONAL POLICE CADET CORPS, RED CROSS YOUTH, SCOUTS, NATIONAL CADET CORPS (LAND), NATIONAL CADET CORPS (SEA)","CHINESE ORCHESTRA, CHOIR, ENGLISH DRAMA, CONCERT BAND, PHOTOGRAPHY"
WEST SPRING SECONDARY SCHOOL,"AUDIO VISUAL AID, COMPUTER CLUB, MEDIA RESOURCE CLUB",,"SHOOTING, BADMINTON, NETBALL, FOOTBALL, VOLLEYBALL","GIRL GUIDES, NATIONAL POLICE CADET CORPS, NATIONAL CADET CORPS (LAND), NATIONAL CIVIL DEFENCE CADET CORPS","GUITAR ENSEMBLE, MARCHING BAND, GUZHENG ENSEMBLE, MODERN DANCE, ENGLISH DRAMA, CHINESE DRUMS"
WESTWOOD SECONDARY SCHOOL,"AERO-MODELLING, AUDIO VISUAL AID, ROBOTICS",,"BADMINTON, BASKETBALL, NETBALL, FOOTBALL, BOWLING, TCHOUKBALL","BOYS' BRIGADE, GIRLS' BRIGADE, NATIONAL POLICE CADET CORPS, ST JOHN BRIGADE, NATIONAL CADET CORPS (LAND)","CHOIR, GUITAR ENSEMBLE, MODERN DANCE, ENGLISH DRAMA, CONCERT BAND, ART AND CRAFTS"
WHITLEY SECONDARY SCHOOL,INFOCOMM TECHNOLOGY (MEDIA PRODUCTION),,"BADMINTON, BASKETBALL, FOOTBALL, GOLF, TRAMPOLINE","BOYS' BRIGADE, GIRLS' BRIGADE, GIRL GUIDES, NATIONAL POLICE CADET CORPS, NATIONAL CADET CORPS (LAND)","CHOIR, ENGLISH DRAMA, CONCERT BAND, PHOTOGRAPHY"
WOODGROVE SECONDARY SCHOOL,"SINGAPORE YOUTH FLYING CLUB, ROBOTICS, ENVIRONMENTAL SCIENCE, MEDIA RESOURCE LIBRARY",,"BADMINTON, BASKETBALL, NETBALL, FOOTBALL","NATIONAL POLICE CADET CORPS, RED CROSS YOUTH, NATIONAL CADET CORPS (LAND)","CHINESE ORCHESTRA, CHOIR, MODERN DANCE, ENGLISH DRAMA, CONCERT BAND"
WOODLANDS RING SECONDARY SCHOOL,"AUDIO VISUAL AID, ROBOTICS, MEDIA RESOURCE LIBRARY",,"BADMINTON, BASKETBALL, HOCKEY, NETBALL, SOFTBALL, VOLLEYBALL","NATIONAL POLICE CADET CORPS, NATIONAL CADET CORPS (LAND), NATIONAL CIVIL DEFENCE CADET CORPS","CHOIR, GUZHENG ENSEMBLE, MODERN DANCE, CHINESE DANCE, MALAY DANCE, ENGLISH DRAMA"
WOODLANDS SECONDARY SCHOOL,INFOCOMM TECHNOLOGY (MEDIA PRODUCTION),,"BADMINTON, BASKETBALL, NETBALL, SEPAKTAKRAW, FOOTBALL, TRACK AND FIELD","BOYS' BRIGADE, GIRL GUIDES, NATIONAL POLICE CADET CORPS, NATIONAL CADET CORPS (LAND), NATIONAL CIVIL DEFENCE CADET CORPS","CONCERT BAND, CHOIR, CHINESE DANCE, MALAY DANCE, ENGLISH DRAMA"
XINMIN SECONDARY SCHOOL,"INFOCOMM TECHNOLOGY (MEDIA PRODUCTION), DEBATING AND PUBLIC SPEAKING, STUDENTS' COUNCIL, CHINESE LANGUAGE, DRAMA AND DEBATING, MALAY LANGUAGE, DRAMA AND DEBATING, MEDIA RESOURCE LIBRARY",,"CROSS COUNTRY, OUTDOOR ADVENTURE, ROCKWALL CLIMBING, SHOOTING, BADMINTON, VOLLEYBALL","BOYS' BRIGADE, GIRLS' BRIGADE, NATIONAL POLICE CADET CORPS, ST JOHN BRIGADE, NATIONAL CADET CORPS (LAND)","CONCERT BAND, CHOIR, GUZHENG ENSEMBLE, CHINESE DANCE, ENGLISH DRAMA, ART AND CRAFTS"
YIO CHU KANG SECONDARY SCHOOL,"INFOCOMM TECHNOLOGY (COMPUTING), ROBOTICS, INFOCOMM TECHNOLOGY (MEDIA PRODUCTION)",,"BADMINTON, BASKETBALL, NETBALL, FLOORBALL","NATIONAL POLICE CADET CORPS, RED CROSS YOUTH","CHOIR, CHINESE DANCE, INDIAN DANCE, ENGLISH DRAMA, MALAY DANCE"
YISHUN INNOVA JUNIOR COLLEGE,"STRATEGY GAMES, ENGLISH LANGUAGE, DRAMA AND DEBATING, COMMUNITY SERVICE (ROTARY-SPONSORED), STUDENTS' COUNCIL, COMMUNITY SERVICE, CHINESE LANGUAGE, DRAMA AND DEBATING, INDIAN LANGUAGE, DRAMA AND DEBATING, INFOCOMM TECHNOLOGY (COMPUTING), MALAY LANGUAGE, DRAMA AND DEBATING",,"SHOOTING, BADMINTON, BASKETBALL, NETBALL, FOOTBALL, SQUASH, TRACK AND FIELD, TABLE TENNIS, TENNIS, WUSHU, VOLLEYBALL, FLOORBALL, BOWLING, FRISBEE, OUTDOOR ADVENTURE, MODULAR CCA (SPORTS)",,"CHINESE ORCHESTRA, CHOIR, GUITAR ENSEMBLE, MODERN DANCE, ENGLISH DRAMA, ART AND CRAFTS, CONCERT BAND"
YISHUN SECONDARY SCHOOL,INFOCOMM TECHNOLOGY (MEDIA PRODUCTION),,"BASKETBALL, NETBALL, SEPAKTAKRAW, BADMINTON, VOLLEYBALL, FOOTBALL","BOYS' BRIGADE, GIRL GUIDES, NATIONAL POLICE CADET CORPS, NATIONAL CADET CORPS (LAND), NATIONAL CIVIL DEFENCE CADET CORPS","CHOIR, GUZHENG ENSEMBLE, MODERN DANCE, INDIAN DANCE, MALAY DANCE, ENGLISH DRAMA"
YISHUN TOWN SECONDARY SCHOOL,INTERNATIONAL CHESS,,"SHOOTING, BASKETBALL, TABLE TENNIS, VOLLEYBALL, BOWLING","BOYS' BRIGADE, GIRL GUIDES, NATIONAL POLICE CADET CORPS, NATIONAL CIVIL DEFENCE CADET CORPS","CHOIR, CHINESE DANCE, ENGLISH DRAMA, CONCERT BAND, PHOTOGRAPHY"
YUAN CHING SECONDARY SCHOOL,"MEDIA RESOURCE LIBRARY, ENVIRONMENTAL SCIENCE, INFOCOMM TECHNOLOGY (MEDIA PRODUCTION), ROBOTICS",,"BASKETBALL, CROSS COUNTRY, NETBALL, FOOTBALL, DRAGON BOAT","NATIONAL POLICE CADET CORPS, SCOUTS, NATIONAL CIVIL DEFENCE CADET CORPS","LION AND DRAGON DANCE, ART AND CRAFTS, GUZHENG ENSEMBLE, CHINESE DANCE, INDIAN DANCE, MALAY DANCE, ENGLISH DRAMA, CONCERT BAND"
YUHUA SECONDARY SCHOOL,"CHINESE LANGUAGE, DRAMA AND DEBATING, ROBOTICS, MEDIA RESOURCE LIBRARY, INFOCOMM TECHNOLOGY (MEDIA PRODUCTION)",,"FOOTBALL, WUSHU, VOLLEYBALL, FLOORBALL, TCHOUKBALL","BOYS' BRIGADE, NATIONAL POLICE CADET CORPS, NATIONAL CADET CORPS (LAND), NATIONAL CIVIL DEFENCE CADET CORPS","CHOIR, HARMONICA ENSEMBLE, ENGLISH DRAMA, CONCERT BAND, MODERN DANCE"
YUSOF ISHAK SECONDARY SCHOOL,COMMUNITY SERVICE (ROTARY-SPONSORED),,"BADMINTON, NETBALL, SEPAKTAKRAW, FLOORBALL","NATIONAL POLICE CADET CORPS, NATIONAL CADET CORPS (LAND)","CHOIR, MALAY DANCE, ART AND CRAFTS"
YUYING SECONDARY SCHOOL,"ENGLISH LANGUAGE, DRAMA AND DEBATING, PROJECT CABIN",,"BADMINTON, BASKETBALL, SEPAKTAKRAW, WUSHU, VOLLEYBALL","BOYS' BRIGADE, GIRLS' BRIGADE, NATIONAL POLICE CADET CORPS, ST JOHN BRIGADE, NATIONAL CADET CORPS (LAND)","GUITAR ENSEMBLE, GUZHENG ENSEMBLE, CHINESE DANCE, MALAY DANCE, CONCERT BAND, CHINESE DRUMS, PHOTOGRAPHY"
ZHENGHUA SECONDARY SCHOOL,"AUDIO VISUAL AID, MEDIA RESOURCE LIBRARY, INFOCOMM TECHNOLOGY (MEDIA PRODUCTION)",,"FOOTBALL, VOLLEYBALL, OUTDOOR ADVENTURE, MODULAR CCA (SPORTS), BASKETBALL, NETBALL","SCOUTS, NATIONAL CADET CORPS (AIR), RED CROSS YOUTH, NATIONAL POLICE CADET CORPS","CHOIR, HANDBELL ENSEMBLE, PERCUSSION ENSEMBLE, MALAY DANCE, ENGLISH DRAMA, CONCERT BAND, ART AND CRAFTS"
ZHONGHUA SECONDARY SCHOOL,"ENGLISH LANGUAGE, DRAMA AND DEBATING, INFOCOMM TECHNOLOGY (MEDIA PRODUCTION), CHINESE CULTURE AND LANGUAGE",,"BADMINTON, BASKETBALL, TABLE TENNIS, VOLLEYBALL","BOYS' BRIGADE, GIRLS' BRIGADE, NATIONAL POLICE CADET CORPS, ST JOHN BRIGADE, SCOUTS, NATIONAL CADET CORPS (LAND)","CHINESE ORCHESTRA, CHOIR, GUZHENG ENSEMBLE, CHINESE DANCE, ART AND CRAFTS, CONCERT BAND"
